"Status","Start Time","Stop Time","Duration in ms","Parent Suite","Suite","Sub Suite","Test Class","Test Method","Name","Description"
"passed","Fri Oct 17 12:04:24 UTC 2025","Fri Oct 17 12:04:25 UTC 2025","829","","Questions API Tests","","tests.questiontests.QuestionsApiTests","createQuestion_success","Create Question: successful creation with valid data",""
"passed","Fri Oct 17 12:05:02 UTC 2025","Fri Oct 17 12:05:03 UTC 2025","809","","Auth/Logout API Tests","","tests.auth.LogoutTests","ssT69_logout_makes_dashboard_unavailable","[SS-T69][ACC] Auth/Logout — Logout делает Dashboard недоступной → 401",""
"passed","Fri Oct 17 12:19:00 UTC 2025","Fri Oct 17 12:19:05 UTC 2025","5330","","Create Test UI Tests","","tests.managetests.CreateTestUiTests","createTestModalAppearsAfterClick","'Create Test' modal appears after clicking the button",""
"passed","Fri Oct 17 12:17:08 UTC 2025","Fri Oct 17 12:17:15 UTC 2025","6957","","Add Question via UI","","tests.managetests.AddQuestionUiTests","addQuestion_success","Add Question: successful addition of a question to a test",""
"passed","Fri Oct 17 12:15:26 UTC 2025","Fri Oct 17 12:15:29 UTC 2025","3020","","Auth/Registration UI — Positive & Negative / Позитив и негатив","","tests.authandregistration.RegistrationTests","shouldRejectInvalidPasswords_SS_T29","SS-T29 | [NEG] Registration — Invalid password; registration not started / Невалидный пароль — регистрация не стартует [5] 8 пробелов",""
"passed","Fri Oct 17 12:15:36 UTC 2025","Fri Oct 17 12:15:40 UTC 2025","3042","","Auth/Registration UI — Positive & Negative / Позитив и негатив","","tests.authandregistration.RegistrationTests","shouldRejectInvalidPasswords_SS_T29","SS-T29 | [NEG] Registration — Invalid password; registration not started / Невалидный пароль — регистрация не стартует [9] кириллица запрещена",""
"passed","Fri Oct 17 12:07:27 UTC 2025","Fri Oct 17 12:07:37 UTC 2025","9995","","Масовый импорт кандидатов","","tests.candidates.CandidatesBulkImportTests","unsuccessfulImportCandidatesTest","Неуспешный импорт кандидатов из Excel: отсутсвует имя, некоректный email",""
"passed","Fri Oct 17 12:09:33 UTC 2025","Fri Oct 17 12:09:39 UTC 2025","5192","","Sidebar navigation Web-tests","","tests.sidebar.SidebarNavigationTests","shouldNavigateToTests","should navigate to Tests and highlight the menu item",""
"passed","Fri Oct 17 12:10:40 UTC 2025","Fri Oct 17 12:10:49 UTC 2025","8935","","Tests passing","","tests.passingtests.TestPassingTests","passTest","Successful filling and submitting the test 'With one option'",""
"passed","Fri Oct 17 12:04:41 UTC 2025","Fri Oct 17 12:04:49 UTC 2025","8617","","Auth/Registration API Tests","","tests.registration.RegistrationApiTests","ssT11_success_registration_imap_201","[SS-T11][POS] Auth/Registration — Успешная регистрация → 201 (IMAP)",""
"passed","Fri Oct 17 12:04:53 UTC 2025","Fri Oct 17 12:04:54 UTC 2025","844","","Create tests via API","","tests.managetests.CreateTestApiTests","updateTestIsActive","Edit test: change isActive to true",""
"passed","Fri Oct 17 12:10:24 UTC 2025","Fri Oct 17 12:10:31 UTC 2025","6674","","Tests passing","","tests.passingtests.TestPassingTests","getLinkToTest","Get link to the test and verify that link is copied to clipboard",""
"passed","Fri Oct 17 12:04:26 UTC 2025","Fri Oct 17 12:04:31 UTC 2025","4949","","Auth/Registration API Tests","","tests.registration.RegistrationApiTests","ssT83_invalid_verification_code_409","[SS-T83][NEG] Auth/Registration — Неверный/просроченный код → 409",""
"passed","Fri Oct 17 12:04:18 UTC 2025","Fri Oct 17 12:04:19 UTC 2025","399","","Users Negative API Tests","","tests.users.UsersNegativeApiTests","registerEmptyEmail","Register: empty email returns 400",""
"passed","Fri Oct 17 12:18:40 UTC 2025","Fri Oct 17 12:18:46 UTC 2025","6240","","Edit Test UI Tests","","tests.managetests.EditTestUiTests","editPassingScore_commaIsRejected","Edit Passing Score: comma cannot be entered",""
"passed","Fri Oct 17 12:04:01 UTC 2025","Fri Oct 17 12:04:03 UTC 2025","2157","","Delete user (Settings(API))","","tests.users.DeleteUserTests","deleteUser_returns200","Users: delete",""
"passed","Fri Oct 17 12:04:15 UTC 2025","Fri Oct 17 12:04:16 UTC 2025","835","","Users Negative API Tests","","tests.users.UsersNegativeApiTests","cannotChangeOwnRole","Cannot change own role",""
"skipped","Fri Oct 17 12:16:39 UTC 2025","Fri Oct 17 12:16:41 UTC 2025","2646","","Auth/Registration UI — Positive & Negative / Позитив и негатив","","tests.authandregistration.RegistrationTests","shouldRejectInvalidEmail_SS_T26","SS-T26 | [NEG] Registration — Incorrect e-mail; confirmation not started / Некорректный e-mail — подтверждение не стартует [22] TLD из одной буквы",""
"passed","Fri Oct 17 12:14:27 UTC 2025","Fri Oct 17 12:14:30 UTC 2025","2943","","Auth/Registration UI — Positive & Negative / Позитив и негатив","","tests.authandregistration.RegistrationTests","shouldRejectInvalidFullName_SS_T27","SS-T27 | [NEG] Registration — Invalid full name; no confirmation / Невалидное «Имя Фамилия» — подтверждение не стартует [4] только пробелы",""
"broken","Fri Oct 17 12:06:35 UTC 2025","Fri Oct 17 12:07:15 UTC 2025","39749","","Масовое назначение тестов кандидатам","","tests.candidates.BulkTestAssigningTests","fullSuccessfulBulkAssigningTests","Назначение тестов нескольким кандидатам с успешным результатом",""
"passed","Fri Oct 17 12:18:53 UTC 2025","Fri Oct 17 12:19:00 UTC 2025","6556","","Assign Test UI Tests","","tests.managetests.AssignTestUiTests","assignTestToCandidate","Assign Test to Candidate: positive scenario → test is assigned to candidate and appears in the list",""
"skipped","Fri Oct 17 12:16:36 UTC 2025","Fri Oct 17 12:16:39 UTC 2025","2546","","Auth/Registration UI — Positive & Negative / Позитив и негатив","","tests.authandregistration.RegistrationTests","shouldRejectInvalidEmail_SS_T26","SS-T26 | [NEG] Registration — Incorrect e-mail; confirmation not started / Некорректный e-mail — подтверждение не стартует [21] двойная точка между метками",""
"passed","Fri Oct 17 12:15:45 UTC 2025","Fri Oct 17 12:15:48 UTC 2025","3014","","Auth/Registration UI — Positive & Negative / Позитив и негатив","","tests.authandregistration.RegistrationTests","shouldRejectInvalidEmail_SS_T26","SS-T26 | [NEG] Registration — Incorrect e-mail; confirmation not started / Некорректный e-mail — подтверждение не стартует [3] нет TLD",""
"passed","Fri Oct 17 12:11:14 UTC 2025","Fri Oct 17 12:11:18 UTC 2025","3583","","Auth/Login UI — Login & Logout / Авторизация и выход","","tests.authandregistration.LoginTests","shouldShowValidationErrorsOnEmptyFields_SS_T62","SS-T62 | [NEG] Auth/Login — Validation errors on empty/partial fields / Ошибки при пустых/частичных полях",""
"passed","Fri Oct 17 12:05:52 UTC 2025","Fri Oct 17 12:05:58 UTC 2025","5599","","Settings Negative Tests UI","","tests.settings.SettingsNegativeTests","emptyFullNameField","Empty Full Name field when adding a user",""
"passed","Fri Oct 17 12:04:23 UTC 2025","Fri Oct 17 12:04:24 UTC 2025","821","","Questions API Tests","","tests.questiontests.QuestionsApiTests","createQuestion_missingTestId_400","Create Question: missing testId results in 400 or 422",""
"passed","Fri Oct 17 12:05:00 UTC 2025","Fri Oct 17 12:05:00 UTC 2025","386","","Auth/Login API Tests","","tests.auth.LoginTests","ssT62_login_empty_fields_400","[SS-T62][NEG] Auth/Login — Пустые поля → 400",""
"passed","Fri Oct 17 12:20:02 UTC 2025","Fri Oct 17 12:20:07 UTC 2025","5084","","Dashboard UI tests","","tests.dashboard.DashboardUiTests","analyticsWidgets_showNonNegativeNumbers_andStableAfterIdle","should display correct numbers in all analytics widgets",""
"passed","Fri Oct 17 12:08:53 UTC 2025","Fri Oct 17 12:09:02 UTC 2025","8550","","Добавление нового кандидата","","tests.candidates.AddCandidateTests","closeAddCandidateModal","Проверка закрытия модалки 'Добавить кандидата'",""
"passed","Fri Oct 17 12:17:33 UTC 2025","Fri Oct 17 12:17:39 UTC 2025","5166","","Edit Test UI Tests","","tests.managetests.EditTestUiTests","openEditWindowTest","Open Edit Test Window",""
"passed","Fri Oct 17 12:04:39 UTC 2025","Fri Oct 17 12:04:48 UTC 2025","9713","","Settings tests UI","","tests.settings.SettingsTests","resetPassword","Reset password",""
"passed","Fri Oct 17 12:09:49 UTC 2025","Fri Oct 17 12:09:54 UTC 2025","5225","","Sidebar navigation Web-tests","","tests.sidebar.SidebarNavigationTests","shouldNavigateToCandidates","should navigate to Candidates and highlight the menu item",""
"passed","Fri Oct 17 12:16:05 UTC 2025","Fri Oct 17 12:16:08 UTC 2025","3045","","Auth/Registration UI — Positive & Negative / Позитив и негатив","","tests.authandregistration.RegistrationTests","shouldRejectInvalidEmail_SS_T26","SS-T26 | [NEG] Registration — Incorrect e-mail; confirmation not started / Некорректный e-mail — подтверждение не стартует [10] пустой local-part (до @)",""
"passed","Fri Oct 17 12:08:05 UTC 2025","Fri Oct 17 12:08:13 UTC 2025","8172","","Добавление нового кандидата","","tests.candidates.AddCandidateTests","addNewCandidateValidationErrors","Проверка валидационных сообщений об ошибке на модалке ʼДобавить кандидатаʼ [3] MISSING_EMAIL",""
"passed","Fri Oct 17 12:14:24 UTC 2025","Fri Oct 17 12:14:27 UTC 2025","2989","","Auth/Registration UI — Positive & Negative / Позитив и негатив","","tests.authandregistration.RegistrationTests","shouldRejectInvalidFullName_SS_T27","SS-T27 | [NEG] Registration — Invalid full name; no confirmation / Невалидное «Имя Фамилия» — подтверждение не стартует [3] 1 кириллица",""
"passed","Fri Oct 17 12:19:15 UTC 2025","Fri Oct 17 12:19:19 UTC 2025","4370","","Create Test UI Tests","","tests.managetests.CreateTestUiTests","createTestButtonIsVisible","Open Tests Page and check 'Create Test' button is visible",""
"passed","Fri Oct 17 12:04:52 UTC 2025","Fri Oct 17 12:04:53 UTC 2025","810","","Create tests via API","","tests.managetests.CreateTestApiTests","updateTestDescription","Edit test: change description",""
"passed","Fri Oct 17 12:16:41 UTC 2025","Fri Oct 17 12:16:44 UTC 2025","3025","","Auth/Registration UI — Positive & Negative / Позитив и негатив","","tests.authandregistration.RegistrationTests","shouldRejectInvalidEmail_SS_T26","SS-T26 | [NEG] Registration — Incorrect e-mail; confirmation not started / Некорректный e-mail — подтверждение не стартует [23] domain-literal в скобках",""
"passed","Fri Oct 17 12:04:48 UTC 2025","Fri Oct 17 12:05:00 UTC 2025","11440","","Settings tests UI","","tests.settings.SettingsTests","blockActivate","Block / Activate user",""
"passed","Fri Oct 17 12:10:09 UTC 2025","Fri Oct 17 12:10:15 UTC 2025","6611","","Tests passing","","tests.passingtests.TestPassingTests","assignTestViaTests","Verify successful test assignment to a candidate via Tests page",""
"skipped","Fri Oct 17 12:15:51 UTC 2025","Fri Oct 17 12:15:54 UTC 2025","2590","","Auth/Registration UI — Positive & Negative / Позитив и негатив","","tests.authandregistration.RegistrationTests","shouldRejectInvalidEmail_SS_T26","SS-T26 | [NEG] Registration — Incorrect e-mail; confirmation not started / Некорректный e-mail — подтверждение не стартует [5] двойной @",""
"passed","Fri Oct 17 12:04:19 UTC 2025","Fri Oct 17 12:04:20 UTC 2025","1308","","Managing sessions via API","","tests.sessiontests.SessionsApiTests","createSession_success","Assign test to candidate: successful session creation",""
"passed","Fri Oct 17 12:14:36 UTC 2025","Fri Oct 17 12:14:39 UTC 2025","2919","","Auth/Registration UI — Positive & Negative / Позитив и негатив","","tests.authandregistration.RegistrationTests","shouldRejectInvalidFullName_SS_T27","SS-T27 | [NEG] Registration — Invalid full name; no confirmation / Невалидное «Имя Фамилия» — подтверждение не стартует [7] NBSP (U+00A0)",""
"passed","Fri Oct 17 12:05:47 UTC 2025","Fri Oct 17 12:05:52 UTC 2025","5741","","Settings Negative Tests UI","","tests.settings.SettingsNegativeTests","emptyPasswordField","Empty Password field when adding a user",""
"passed","Fri Oct 17 12:05:19 UTC 2025","Fri Oct 17 12:05:24 UTC 2025","5610","","Settings Negative Tests UI","","tests.settings.SettingsNegativeTests","emptyEmailField","Empty Email field when adding a user",""
"skipped","Fri Oct 17 12:07:15 UTC 2025","Fri Oct 17 12:07:15 UTC 2025","0","","Масовое назначение тестов кандидатам","","tests.candidates.BulkTestAssigningTests","unsuccessfulBulkAssigningTests","Назначение тестов более 500 кандидатам с неуспешным результатом",""
"passed","Fri Oct 17 12:17:27 UTC 2025","Fri Oct 17 12:17:33 UTC 2025","6538","","Edit Test UI Tests","","tests.managetests.EditTestUiTests","editTestName_validationError_empty","Edit test name: validation fails when name is empty",""
"passed","Fri Oct 17 12:15:48 UTC 2025","Fri Oct 17 12:15:51 UTC 2025","3010","","Auth/Registration UI — Positive & Negative / Позитив и негатив","","tests.authandregistration.RegistrationTests","shouldRejectInvalidEmail_SS_T26","SS-T26 | [NEG] Registration — Incorrect e-mail; confirmation not started / Некорректный e-mail — подтверждение не стартует [4] точка в конце домена",""
"passed","Fri Oct 17 12:05:35 UTC 2025","Fri Oct 17 12:05:41 UTC 2025","5767","","Settings Negative Tests UI","","tests.settings.SettingsNegativeTests","cannotChangeOwnRole_ShowsErrorToast","Cannot change own role (error toast)",""
"passed","Fri Oct 17 12:18:46 UTC 2025","Fri Oct 17 12:18:53 UTC 2025","6260","","Edit Test UI Tests","","tests.managetests.EditTestUiTests","editPassingScore_overHundred_rejected_noSave","Edit Passing Score: values greater than 100 cannot be entered",""
"passed","Fri Oct 17 12:03:50 UTC 2025","Fri Oct 17 12:03:52 UTC 2025","1398","","Проверка запросов GET /candidates","","tests.candidates.GetAllCandidatesTests","getAllCandidates","Check getting all candidates",""
"passed","Fri Oct 17 12:04:11 UTC 2025","Fri Oct 17 12:04:13 UTC 2025","2176","","Reset user password (Settings(API)","","tests.users.ResetUserPasswordTests","resetPassword_returns200","Users: reset password",""
"passed","Fri Oct 17 12:07:16 UTC 2025","Fri Oct 17 12:07:27 UTC 2025","11555","","Масовый импорт кандидатов","","tests.candidates.CandidatesBulkImportTests","successfulImportCandidatesTest","Успешний импорт кандидатов из Excel",""
"passed","Fri Oct 17 12:04:53 UTC 2025","Fri Oct 17 12:04:53 UTC 2025","405","","Create tests via API","","tests.managetests.CreateTestApiTests","createTestSuccessfully","Positive scenario: successful test creation",""
"passed","Fri Oct 17 12:16:18 UTC 2025","Fri Oct 17 12:16:21 UTC 2025","2980","","Auth/Registration UI — Positive & Negative / Позитив и негатив","","tests.authandregistration.RegistrationTests","shouldRejectInvalidEmail_SS_T26","SS-T26 | [NEG] Registration — Incorrect e-mail; confirmation not started / Некорректный e-mail — подтверждение не стартует [15] запятая вместо точки в домене",""
"passed","Fri Oct 17 12:04:57 UTC 2025","Fri Oct 17 12:04:58 UTC 2025","424","","API-tests for Dashboard","","tests.dashboard.DashboardApiTests","getDashboardStatsTest","Verify Dashboard Statistics Retrieval",""
"passed","Fri Oct 17 12:14:21 UTC 2025","Fri Oct 17 12:14:24 UTC 2025","3032","","Auth/Registration UI — Positive & Negative / Позитив и негатив","","tests.authandregistration.RegistrationTests","shouldRejectInvalidFullName_SS_T27","SS-T27 | [NEG] Registration — Invalid full name; no confirmation / Невалидное «Имя Фамилия» — подтверждение не стартует [2] 1 латиница",""
"passed","Fri Oct 17 12:04:14 UTC 2025","Fri Oct 17 12:04:15 UTC 2025","1103","","Users Negative API Tests","","tests.users.UsersNegativeApiTests","invalidPasswordOnOwnReset","Invalid password when resetting own password",""
"broken","Fri Oct 17 12:05:58 UTC 2025","Fri Oct 17 12:06:35 UTC 2025","36777","","Export of candidates","","tests.candidates.CandidatesExportTests","testExportCandidates","Check export of candidates",""
"passed","Fri Oct 17 12:04:31 UTC 2025","Fri Oct 17 12:04:32 UTC 2025","885","","Auth/Registration API Tests","","tests.registration.RegistrationApiTests","ssT14_email_already_registered_409","[SS-T14][NEG] Auth/Registration — Email уже зарегистрирован → 409",""
"passed","Fri Oct 17 12:04:56 UTC 2025","Fri Oct 17 12:04:57 UTC 2025","399","","Create tests via API","","tests.managetests.CreateTestApiTests","createTestWithoutName","Negative scenario: создание теста без названия",""
"passed","Fri Oct 17 12:16:47 UTC 2025","Fri Oct 17 12:17:02 UTC 2025","15559","","Auth/Registration UI — Positive & Negative / Позитив и негатив","","tests.authandregistration.RegistrationTests","t84_orgAllowsDigitsAndSpecials","SS-T84 | [POS] Registration — Org name allows digits & specials / Название организации допускает цифры и спецсимволы",""
"passed","Fri Oct 17 12:09:44 UTC 2025","Fri Oct 17 12:09:49 UTC 2025","5144","","Sidebar navigation Web-tests","","tests.sidebar.SidebarNavigationTests","shouldNavigateToInterviews","should navigate to Interviews and highlight the menu item",""
"passed","Fri Oct 17 12:19:47 UTC 2025","Fri Oct 17 12:19:52 UTC 2025","5159","","Dashboard UI tests","","tests.dashboard.DashboardUiTests","addCandidate_quickAction_opensModal","should open the ""Add Candidate"" modal upon clicking the quick action button",""
"skipped","Fri Oct 17 12:16:13 UTC 2025","Fri Oct 17 12:16:16 UTC 2025","2619","","Auth/Registration UI — Positive & Negative / Позитив и негатив","","tests.authandregistration.RegistrationTests","shouldRejectInvalidEmail_SS_T26","SS-T26 | [NEG] Registration — Incorrect e-mail; confirmation not started / Некорректный e-mail — подтверждение не стартует [13] двойная точка в local-part",""
"passed","Fri Oct 17 12:04:51 UTC 2025","Fri Oct 17 12:04:52 UTC 2025","819","","Create tests via API","","tests.managetests.CreateTestApiTests","updateTestNameAndDescription","Edit test: change name and description",""
"passed","Fri Oct 17 12:18:16 UTC 2025","Fri Oct 17 12:18:23 UTC 2025","6776","","Edit Test UI Tests","","tests.managetests.EditTestUiTests","editTestPassingScore_success","Edit test passing score: value is updated and success message is shown",""
"passed","Fri Oct 17 12:14:42 UTC 2025","Fri Oct 17 12:14:50 UTC 2025","8192","","Auth/Registration UI — Positive & Negative / Позитив и негатив","","tests.authandregistration.RegistrationTests","shouldShowErrorOnInvalidOrExpiredCode_SS_T83","SS-T83 | [NEG] Registration — Invalid/expired code keeps modal open / Неверный или просроченный код — модалка остаётся открытой",""
"passed","Fri Oct 17 12:14:15 UTC 2025","Fri Oct 17 12:14:18 UTC 2025","3054","","Auth/Registration UI — Positive & Negative / Позитив и негатив","","tests.authandregistration.RegistrationTests","shouldRejectInvalidOrganizationName_SS_T28","SS-T28 | [NEG] Registration — Invalid organization name shows error / Невалидное «Название организации» — ошибка показывается [6] trim→1 справа",""
"passed","Fri Oct 17 12:05:00 UTC 2025","Fri Oct 17 12:05:09 UTC 2025","9357","","Settings tests UI","","tests.settings.SettingsTests","createUser","Create user",""
"passed","Fri Oct 17 12:11:18 UTC 2025","Fri Oct 17 12:11:23 UTC 2025","5427","","Auth/Login UI — Login & Logout / Авторизация и выход","","tests.authandregistration.LoginTests","shouldDenyDashboardAfterLogout_SS_T69","SS-T69 | [ACC] Auth/Logout — Dashboard denied after logout / После выхода Dashboard недоступен",""
"passed","Fri Oct 17 12:05:24 UTC 2025","Fri Oct 17 12:05:30 UTC 2025","5434","","Settings Negative Tests UI","","tests.settings.SettingsNegativeTests","invalidPasswordOnOwnReset_ShowsErrorToast","Invalid password when resetting own password (error toast)",""
"passed","Fri Oct 17 12:07:56 UTC 2025","Fri Oct 17 12:08:05 UTC 2025","8619","","Добавление нового кандидата","","tests.candidates.AddCandidateTests","addNewCandidateValidationErrors","Проверка валидационных сообщений об ошибке на модалке ʼДобавить кандидатаʼ [2] SHORT_NAME",""
"passed","Fri Oct 17 12:17:15 UTC 2025","Fri Oct 17 12:17:20 UTC 2025","5739","","Add Question via UI","","tests.managetests.AddQuestionUiTests","addQuestion_validationError_emptyName","Add Question: validation fails when name is empty",""
"passed","Fri Oct 17 12:04:32 UTC 2025","Fri Oct 17 12:04:41 UTC 2025","8399","","Auth/Registration API Tests","","tests.registration.RegistrationApiTests","ssT84_org_name_allows_symbols_imap_201","[SS-T84][POS] Auth/Registration — Спецсимволы в названии организации → 201 (IMAP)",""
"passed","Fri Oct 17 12:17:51 UTC 2025","Fri Oct 17 12:17:58 UTC 2025","6971","","Edit Test UI Tests","","tests.managetests.EditTestUiTests","changeTestDescription_success","Change test description → new description is saved",""
"passed","Fri Oct 17 12:14:33 UTC 2025","Fri Oct 17 12:14:36 UTC 2025","2990","","Auth/Registration UI — Positive & Negative / Позитив и негатив","","tests.authandregistration.RegistrationTests","shouldRejectInvalidFullName_SS_T27","SS-T27 | [NEG] Registration — Invalid full name; no confirmation / Невалидное «Имя Фамилия» — подтверждение не стартует [6] trim→1 справа",""
"passed","Fri Oct 17 12:04:59 UTC 2025","Fri Oct 17 12:04:59 UTC 2025","396","","Dashboard Access API Tests","","tests.dashboard.DashboardAccessTests","ssT66_recentActivity_unauthorized_401","[SS-T66][NEG] Dashboard/RecentActivity — Доступ без авторизации → 401",""
"passed","Fri Oct 17 12:05:41 UTC 2025","Fri Oct 17 12:05:47 UTC 2025","5611","","Settings Negative Tests UI","","tests.settings.SettingsNegativeTests","cannotBlockOwnUser_ShowsErrorToast","Cannot block own user (error toast)",""
"passed","Fri Oct 17 12:19:24 UTC 2025","Fri Oct 17 12:19:29 UTC 2025","5076","","Create Test UI Tests","","tests.managetests.CreateTestUiTests","createTest","Create Test: positive scenario → test is created successfully",""
"skipped","Fri Oct 17 12:16:08 UTC 2025","Fri Oct 17 12:16:10 UTC 2025","2651","","Auth/Registration UI — Positive & Negative / Позитив и негатив","","tests.authandregistration.RegistrationTests","shouldRejectInvalidEmail_SS_T26","SS-T26 | [NEG] Registration — Incorrect e-mail; confirmation not started / Некорректный e-mail — подтверждение не стартует [11] точка сразу после @ (пустая метка)",""
"passed","Fri Oct 17 12:05:01 UTC 2025","Fri Oct 17 12:05:02 UTC 2025","467","","Auth/Login API Tests","","tests.auth.LoginTests","ssT30_login_success_200","[SS-T30][POS] Auth/Login — Успешная авторизация → 200",""
"passed","Fri Oct 17 12:11:10 UTC 2025","Fri Oct 17 12:11:14 UTC 2025","3807","","Auth/Login UI — Login & Logout / Авторизация и выход","","tests.authandregistration.LoginTests","shouldLoginSuccessfully_SS_T30","SS-T30 | [POS] Auth/Login — Successful login / Успешная авторизация",""
"passed","Fri Oct 17 12:16:27 UTC 2025","Fri Oct 17 12:16:30 UTC 2025","2887","","Auth/Registration UI — Positive & Negative / Позитив и негатив","","tests.authandregistration.RegistrationTests","shouldRejectInvalidEmail_SS_T26","SS-T26 | [NEG] Registration — Incorrect e-mail; confirmation not started / Некорректный e-mail — подтверждение не стартует [18] кириллица в домене (без punycode)",""
"passed","Fri Oct 17 12:09:02 UTC 2025","Fri Oct 17 12:09:13 UTC 2025","10457","","Search candidates functionality","","tests.candidates.CandidatesSearchTests","checkCandidatesSearchByDifferentFields","Check candidates search by different fields Check candidates search by email",""
"passed","Fri Oct 17 12:11:23 UTC 2025","Fri Oct 17 12:11:27 UTC 2025","3580","","Auth/Login UI — Login & Logout / Авторизация и выход","","tests.authandregistration.LoginTests","shouldShowErrorOnWrongPassword_SS_T32","SS-T32 | [NEG] Auth/Login — Invalid password → auth error / Неверный пароль → ошибка авторизации",""
"passed","Fri Oct 17 12:10:15 UTC 2025","Fri Oct 17 12:10:24 UTC 2025","8546","","Tests passing","","tests.passingtests.TestPassingTests","verifyNextButtonDisabled","Verify that 'Next' button is disabled until an option is selected",""
"broken","Fri Oct 17 12:08:13 UTC 2025","Fri Oct 17 12:08:53 UTC 2025","40426","","Добавление нового кандидата","","tests.candidates.AddCandidateTests","addExistingCandidateError","Проверка невозможности добавления кандидата с уже существующим емейлом",""
"passed","Fri Oct 17 12:04:56 UTC 2025","Fri Oct 17 12:04:56 UTC 2025","421","","Create tests via API","","tests.managetests.CreateTestApiTests","createTestWithoutDescription","Positive scenario: создание теста без описания",""
"skipped","Fri Oct 17 12:15:34 UTC 2025","Fri Oct 17 12:15:36 UTC 2025","2551","","Auth/Registration UI — Positive & Negative / Позитив и негатив","","tests.authandregistration.RegistrationTests","shouldRejectInvalidPasswords_SS_T29","SS-T29 | [NEG] Registration — Invalid password; registration not started / Невалидный пароль — регистрация не стартует [8] внутренние пробелы",""
"passed","Fri Oct 17 12:14:06 UTC 2025","Fri Oct 17 12:14:09 UTC 2025","3065","","Auth/Registration UI — Positive & Negative / Позитив и негатив","","tests.authandregistration.RegistrationTests","shouldRejectInvalidOrganizationName_SS_T28","SS-T28 | [NEG] Registration — Invalid organization name shows error / Невалидное «Название организации» — ошибка показывается [3] 1 кириллица",""
"passed","Fri Oct 17 12:04:16 UTC 2025","Fri Oct 17 12:04:17 UTC 2025","407","","Users Negative API Tests","","tests.users.UsersNegativeApiTests","registerEmptyFullName","Register: empty fullName returns 400",""
"passed","Fri Oct 17 12:19:57 UTC 2025","Fri Oct 17 12:20:02 UTC 2025","5298","","Dashboard UI tests","","tests.dashboard.DashboardUiTests","createTest_quickAction_opensModal","should open the ""Create Test"" modal upon clicking the quick action button",""
"passed","Fri Oct 17 12:15:23 UTC 2025","Fri Oct 17 12:15:26 UTC 2025","3000","","Auth/Registration UI — Positive & Negative / Позитив и негатив","","tests.authandregistration.RegistrationTests","shouldRejectInvalidPasswords_SS_T29","SS-T29 | [NEG] Registration — Invalid password; registration not started / Невалидный пароль — регистрация не стартует [4] нет спецсимвола",""
"skipped","Fri Oct 17 12:16:02 UTC 2025","Fri Oct 17 12:16:05 UTC 2025","2630","","Auth/Registration UI — Positive & Negative / Позитив и негатив","","tests.authandregistration.RegistrationTests","shouldRejectInvalidEmail_SS_T26","SS-T26 | [NEG] Registration — Incorrect e-mail; confirmation not started / Некорректный e-mail — подтверждение не стартует [9] дефис в начале метки домена",""
"passed","Fri Oct 17 12:17:02 UTC 2025","Fri Oct 17 12:17:07 UTC 2025","4613","","Auth/Registration UI — Positive & Negative / Позитив и негатив","","tests.authandregistration.RegistrationTests","shouldShowErrorsOnEmptyFields_SS_T82","SS-T82 | [NEG] Registration — Empty form shows errors under all fields / Сабмит пустой формы показывает ошибки",""
"skipped","Fri Oct 17 12:16:16 UTC 2025","Fri Oct 17 12:16:18 UTC 2025","2635","","Auth/Registration UI — Positive & Negative / Позитив и негатив","","tests.authandregistration.RegistrationTests","shouldRejectInvalidEmail_SS_T26","SS-T26 | [NEG] Registration — Incorrect e-mail; confirmation not started / Некорректный e-mail — подтверждение не стартует [14] точка перед дефисом в local-part",""
"passed","Fri Oct 17 12:09:39 UTC 2025","Fri Oct 17 12:09:44 UTC 2025","5153","","Sidebar navigation Web-tests","","tests.sidebar.SidebarNavigationTests","shouldNavigateToDashboard","should navigate to Dashboard and highlight the menu item",""
"passed","Fri Oct 17 12:14:18 UTC 2025","Fri Oct 17 12:14:21 UTC 2025","2909","","Auth/Registration UI — Positive & Negative / Позитив и негатив","","tests.authandregistration.RegistrationTests","shouldRejectInvalidFullName_SS_T27","SS-T27 | [NEG] Registration — Invalid full name; no confirmation / Невалидное «Имя Фамилия» — подтверждение не стартует [1] пусто",""
"passed","Fri Oct 17 12:11:07 UTC 2025","Fri Oct 17 12:11:10 UTC 2025","3388","","Auth/Login UI — Login & Logout / Авторизация и выход","","tests.authandregistration.LoginTests","shouldRedirectToLoginWhenOpenDashboardWithoutAuth_SS_T66","SS-T66 | [ACC] Auth — Dashboard without login redirects to /login / Доступ к Dashboard без логина → редирект на /login",""
"failed","Fri Oct 17 12:04:21 UTC 2025","Fri Oct 17 12:04:23 UTC 2025","1591","","Generate Questions via API","","tests.questiontests.GenerateQuestionsApiTests","generateQuestions_success","Positive scenario: generate questions with valid data",""
"passed","Fri Oct 17 12:03:45 UTC 2025","Fri Oct 17 12:03:50 UTC 2025","5069","","Check GET /candidates/export requests","","tests.candidates.ExportCandidatesTests","exportCandidates","Check successful candidates export",""
"passed","Fri Oct 17 12:14:12 UTC 2025","Fri Oct 17 12:14:15 UTC 2025","3031","","Auth/Registration UI — Positive & Negative / Позитив и негатив","","tests.authandregistration.RegistrationTests","shouldRejectInvalidOrganizationName_SS_T28","SS-T28 | [NEG] Registration — Invalid organization name shows error / Невалидное «Название организации» — ошибка показывается [5] trim→1 слева",""
"passed","Fri Oct 17 12:03:55 UTC 2025","Fri Oct 17 12:03:56 UTC 2025","519","","Check POST /candidates/import requests","","tests.candidates.ImportCandidatesTests","importCandidatesWithAbsentName","Check candidates import when name is absent",""
"passed","Fri Oct 17 12:10:31 UTC 2025","Fri Oct 17 12:10:40 UTC 2025","9324","","Tests passing","","tests.passingtests.TestPassingTests","passTestWithTwoOptions","Passing test with two options",""
"passed","Fri Oct 17 12:07:38 UTC 2025","Fri Oct 17 12:07:48 UTC 2025","10443","","Добавление нового кандидата","","tests.candidates.AddCandidateTests","addNewCandidate","Проверка успешного добавления Кандидата",""
"passed","Fri Oct 17 12:04:58 UTC 2025","Fri Oct 17 12:04:58 UTC 2025","458","","API-tests for Dashboard","","tests.dashboard.DashboardApiTests","getRecentActivityListTest","Verify Retrieval of Recent Activity List",""
"passed","Fri Oct 17 12:15:42 UTC 2025","Fri Oct 17 12:15:45 UTC 2025","2902","","Auth/Registration UI — Positive & Negative / Позитив и негатив","","tests.authandregistration.RegistrationTests","shouldRejectInvalidEmail_SS_T26","SS-T26 | [NEG] Registration — Incorrect e-mail; confirmation not started / Некорректный e-mail — подтверждение не стартует [2] нет домена",""
"passed","Fri Oct 17 12:17:45 UTC 2025","Fri Oct 17 12:17:51 UTC 2025","6006","","Edit Test UI Tests","","tests.managetests.EditTestUiTests","editTimeLimit_lettersAreIgnored","Edit time limit: typing letters is ignored (value stays unchanged)",""
"passed","Fri Oct 17 12:18:04 UTC 2025","Fri Oct 17 12:18:10 UTC 2025","5953","","Edit Test UI Tests","","tests.managetests.EditTestUiTests","editTestActiveState_success","Edit test active state: value is toggled and success message is shown",""
"skipped","Fri Oct 17 12:16:00 UTC 2025","Fri Oct 17 12:16:02 UTC 2025","2544","","Auth/Registration UI — Positive & Negative / Позитив и негатив","","tests.authandregistration.RegistrationTests","shouldRejectInvalidEmail_SS_T26","SS-T26 | [NEG] Registration — Incorrect e-mail; confirmation not started / Некорректный e-mail — подтверждение не стартует [8] точка в начале local-part",""
"passed","Fri Oct 17 12:04:26 UTC 2025","Fri Oct 17 12:04:26 UTC 2025","405","","Auth/Registration API Tests","","tests.registration.RegistrationApiTests","ssT82_empty_fields_400","[SS-T82][NEG] Auth/Registration — Пустые поля → 400",""
"passed","Fri Oct 17 12:10:49 UTC 2025","Fri Oct 17 12:10:58 UTC 2025","9289","","Tests passing","","tests.passingtests.TestPassingTests","passTestWithTextInput","Passing test with text input option",""
"passed","Fri Oct 17 12:17:39 UTC 2025","Fri Oct 17 12:17:45 UTC 2025","6798","","Edit Test UI Tests","","tests.managetests.EditTestUiTests","editPassingScore_negativeValue_rejected","Edit Passing Score: negative value is rejected",""
"passed","Fri Oct 17 12:04:03 UTC 2025","Fri Oct 17 12:04:05 UTC 2025","2227","","Register duplicate user (Settings(API)","","tests.users.RegisterUserNegativeTests","registerDuplicate_returns400","Users: register duplicate -> 400",""
"passed","Fri Oct 17 12:15:13 UTC 2025","Fri Oct 17 12:15:17 UTC 2025","3016","","Auth/Registration UI — Positive & Negative / Позитив и негатив","","tests.authandregistration.RegistrationTests","shouldRejectInvalidPasswords_SS_T29","SS-T29 | [NEG] Registration — Invalid password; registration not started / Невалидный пароль — регистрация не стартует [1] длина < 8",""
"passed","Fri Oct 17 12:04:51 UTC 2025","Fri Oct 17 12:04:51 UTC 2025","820","","Create tests via API","","tests.managetests.CreateTestApiTests","updateTestPassingScore","Edit test: change time limit",""
"skipped","Fri Oct 17 12:15:57 UTC 2025","Fri Oct 17 12:16:00 UTC 2025","2623","","Auth/Registration UI — Positive & Negative / Позитив и негатив","","tests.authandregistration.RegistrationTests","shouldRejectInvalidEmail_SS_T26","SS-T26 | [NEG] Registration — Incorrect e-mail; confirmation not started / Некорректный e-mail — подтверждение не стартует [7] двойная точка в домене",""
"passed","Fri Oct 17 12:10:00 UTC 2025","Fri Oct 17 12:10:09 UTC 2025","9048","","Tests passing","","tests.passingtests.TestPassingTests","openPassingTestPage","Verify that passing test page opens correctly",""
"passed","Fri Oct 17 12:05:30 UTC 2025","Fri Oct 17 12:05:35 UTC 2025","5283","","Settings Negative Tests UI","","tests.settings.SettingsNegativeTests","cannotDeleteOwnUser","Cannot delete own user (Delete disabled)",""
"passed","Fri Oct 17 12:03:56 UTC 2025","Fri Oct 17 12:03:56 UTC 2025","457","","Check POST /candidates/import requests","","tests.candidates.ImportCandidatesTests","importCandidates","Check fully successful candidates import",""
"passed","Fri Oct 17 12:14:50 UTC 2025","Fri Oct 17 12:15:13 UTC 2025","23177","","Auth/Registration UI — Positive & Negative / Позитив и негатив","","tests.authandregistration.RegistrationTests","shouldRegisterNewUser_SS_T11","SS-T11 | [POS] Registration — Successful new user registration / Успешная регистрация нового пользователя",""
"passed","Fri Oct 17 12:11:30 UTC 2025","Fri Oct 17 12:13:59 UTC 2025","148927","","Auth/Registration UI — Positive & Negative / Позитив и негатив","","tests.authandregistration.RegistrationTests","shouldRejectAlreadyRegisteredEmailAfterCode_SS_T14","SS-T14 | [NEG] Registration — E-mail already registered (error after code) / E-mail уже зарегистрирован — ошибка после кода",""
"passed","Fri Oct 17 12:13:59 UTC 2025","Fri Oct 17 12:14:03 UTC 2025","3756","","Auth/Registration UI — Positive & Negative / Позитив и негатив","","tests.authandregistration.RegistrationTests","shouldRejectInvalidOrganizationName_SS_T28","SS-T28 | [NEG] Registration — Invalid organization name shows error / Невалидное «Название организации» — ошибка показывается [1] пусто",""
"broken","Fri Oct 17 12:03:59 UTC 2025","Fri Oct 17 12:04:39 UTC 2025","39818","","Settings tests UI","","tests.settings.SettingsTests","changeRole","Change role",""
"passed","Fri Oct 17 12:04:17 UTC 2025","Fri Oct 17 12:04:18 UTC 2025","841","","Users Negative API Tests","","tests.users.UsersNegativeApiTests","cannotDeleteOwnUser","Cannot delete own user",""
"passed","Fri Oct 17 12:05:01 UTC 2025","Fri Oct 17 12:05:01 UTC 2025","409","","Auth/Login API Tests","","tests.auth.LoginTests","ssT31_login_wrong_email_401","[SS-T31][NEG] Auth/Login — Неверный логин → 401",""
"passed","Fri Oct 17 12:18:35 UTC 2025","Fri Oct 17 12:18:40 UTC 2025","5157","","Edit Test UI Tests","","tests.managetests.EditTestUiTests","editTimeLimit_commaIsRejected","Time limit: comma cannot be entered",""
"passed","Fri Oct 17 12:05:00 UTC 2025","Fri Oct 17 12:05:01 UTC 2025","455","","Auth/Login API Tests","","tests.auth.LoginTests","ssT32_login_wrong_password_401","[SS-T32][NEG] Auth/Login — Неверный пароль → 401",""
"passed","Fri Oct 17 12:03:55 UTC 2025","Fri Oct 17 12:03:55 UTC 2025","561","","Check POST /candidates/import requests","","tests.candidates.ImportCandidatesTests","importCandidatesWithAbsentEmail","Check candidates import when email is absent",""
"passed","Fri Oct 17 12:04:17 UTC 2025","Fri Oct 17 12:04:17 UTC 2025","842","","Users Negative API Tests","","tests.users.UsersNegativeApiTests","cannotBlockOwnUser","Cannot block own user",""
"passed","Fri Oct 17 12:04:06 UTC 2025","Fri Oct 17 12:04:08 UTC 2025","2171","","Register user (Settings(API)","","tests.users.RegisterUserTests","registerUser_returns201","Users: register",""
"passed","Fri Oct 17 12:19:19 UTC 2025","Fri Oct 17 12:19:24 UTC 2025","4705","","Create Test UI Tests","","tests.managetests.CreateTestUiTests","createTestWithEmptyName","Create Test with empty name: negative scenario → error message appears",""
"passed","Fri Oct 17 12:14:39 UTC 2025","Fri Oct 17 12:14:42 UTC 2025","3045","","Auth/Registration UI — Positive & Negative / Позитив и негатив","","tests.authandregistration.RegistrationTests","shouldRejectInvalidFullName_SS_T27","SS-T27 | [NEG] Registration — Invalid full name; no confirmation / Невалидное «Имя Фамилия» — подтверждение не стартует [8] 1 цифра",""
"passed","Fri Oct 17 12:04:25 UTC 2025","Fri Oct 17 12:04:26 UTC 2025","427","","Auth/Registration API Tests","","tests.registration.RegistrationApiTests","ssT26_invalid_email_400","[SS-T26][NEG] Auth/Registration — Некорректный email → 400",""
"skipped","Fri Oct 17 12:16:44 UTC 2025","Fri Oct 17 12:16:47 UTC 2025","2535","","Auth/Registration UI — Positive & Negative / Позитив и негатив","","tests.authandregistration.RegistrationTests","shouldRejectInvalidEmail_SS_T26","SS-T26 | [NEG] Registration — Incorrect e-mail; confirmation not started / Некорректный e-mail — подтверждение не стартует [24] поддомен начинается с дефиса",""
"passed","Fri Oct 17 12:14:03 UTC 2025","Fri Oct 17 12:14:06 UTC 2025","3022","","Auth/Registration UI — Positive & Negative / Позитив и негатив","","tests.authandregistration.RegistrationTests","shouldRejectInvalidOrganizationName_SS_T28","SS-T28 | [NEG] Registration — Invalid organization name shows error / Невалидное «Название организации» — ошибка показывается [2] 1 символ",""
"passed","Fri Oct 17 12:04:54 UTC 2025","Fri Oct 17 12:04:55 UTC 2025","837","","Create tests via API","","tests.managetests.CreateTestApiTests","updateTestName","Edit test: change name",""
"passed","Fri Oct 17 12:17:20 UTC 2025","Fri Oct 17 12:17:27 UTC 2025","6290","","Add Question via UI","","tests.managetests.AddQuestionUiTests","addQuestion_validationError","Add Question: validation fails when text is less than 5 characters",""
"passed","Fri Oct 17 12:09:54 UTC 2025","Fri Oct 17 12:09:59 UTC 2025","5173","","Sidebar navigation Web-tests","","tests.sidebar.SidebarNavigationTests","shouldNavigateToSettings","should navigate to Settings and highlight the menu item",""
"passed","Fri Oct 17 12:04:16 UTC 2025","Fri Oct 17 12:04:16 UTC 2025","414","","Users Negative API Tests","","tests.users.UsersNegativeApiTests","registerEmptyPassword","Register: empty password returns 400",""
"skipped","Fri Oct 17 12:15:31 UTC 2025","Fri Oct 17 12:15:34 UTC 2025","2659","","Auth/Registration UI — Positive & Negative / Позитив и негатив","","tests.authandregistration.RegistrationTests","shouldRejectInvalidPasswords_SS_T29","SS-T29 | [NEG] Registration — Invalid password; registration not started / Невалидный пароль — регистрация не стартует [7] пробел в начале",""
"passed","Fri Oct 17 12:10:58 UTC 2025","Fri Oct 17 12:11:06 UTC 2025","8194","","Tests passing","","tests.passingtests.TestPassingTests","assignTestViaCandidates","Verify successful test assignment to a candidate via Candidates page",""
"passed","Fri Oct 17 12:04:32 UTC 2025","Fri Oct 17 12:04:32 UTC 2025","403","","Auth/Registration API Tests","","tests.registration.RegistrationApiTests","ssT28_invalid_org_name_400","[SS-T28][NEG] Auth/Registration — Пустое название организации → 400",""
"skipped","Fri Oct 17 12:16:10 UTC 2025","Fri Oct 17 12:16:13 UTC 2025","2544","","Auth/Registration UI — Positive & Negative / Позитив и негатив","","tests.authandregistration.RegistrationTests","shouldRejectInvalidEmail_SS_T26","SS-T26 | [NEG] Registration — Incorrect e-mail; confirmation not started / Некорректный e-mail — подтверждение не стартует [12] дефис в конце метки домена",""
"passed","Fri Oct 17 12:15:54 UTC 2025","Fri Oct 17 12:15:57 UTC 2025","2977","","Auth/Registration UI — Positive & Negative / Позитив и негатив","","tests.authandregistration.RegistrationTests","shouldRejectInvalidEmail_SS_T26","SS-T26 | [NEG] Registration — Incorrect e-mail; confirmation not started / Некорректный e-mail — подтверждение не стартует [6] пробел в local-part",""
"passed","Fri Oct 17 12:14:09 UTC 2025","Fri Oct 17 12:14:12 UTC 2025","2941","","Auth/Registration UI — Positive & Negative / Позитив и негатив","","tests.authandregistration.RegistrationTests","shouldRejectInvalidOrganizationName_SS_T28","SS-T28 | [NEG] Registration — Invalid organization name shows error / Невалидное «Название организации» — ошибка показывается [4] только пробелы",""
"passed","Fri Oct 17 12:03:57 UTC 2025","Fri Oct 17 12:04:00 UTC 2025","2624","","Block & unblock user (Settings(API)","","tests.users.UpdateUserActiveTests","block_then_unblock_returns200","Users: block & unblock",""
"passed","Fri Oct 17 12:11:27 UTC 2025","Fri Oct 17 12:11:30 UTC 2025","3519","","Auth/Login UI — Login & Logout / Авторизация и выход","","tests.authandregistration.LoginTests","shouldShowErrorOnWrongEmail_SS_T31","SS-T31 | [NEG] Auth/Login — Invalid email → auth error / Неверный email → ошибка авторизации",""
"skipped","Fri Oct 17 12:11:06 UTC 2025","Fri Oct 17 12:11:06 UTC 2025","0","","Tests passing","","tests.passingtests.TestPassingTests","verifyTestClosesWhenTimeExpired","Verify that test is closed when time is expired",""
"passed","Fri Oct 17 12:18:23 UTC 2025","Fri Oct 17 12:18:29 UTC 2025","5940","","Edit Test UI Tests","","tests.managetests.EditTestUiTests","editTestName_success","Edit test name: name is updated and shown in header",""
"skipped","Fri Oct 17 12:15:29 UTC 2025","Fri Oct 17 12:15:31 UTC 2025","2631","","Auth/Registration UI — Positive & Negative / Позитив и негатив","","tests.authandregistration.RegistrationTests","shouldRejectInvalidPasswords_SS_T29","SS-T29 | [NEG] Registration — Invalid password; registration not started / Невалидный пароль — регистрация не стартует [6] пробел в конце",""
"passed","Fri Oct 17 12:05:09 UTC 2025","Fri Oct 17 12:05:18 UTC 2025","9281","","Settings tests UI","","tests.settings.SettingsTests","deleteUser","Delete user",""
"passed","Fri Oct 17 12:19:05 UTC 2025","Fri Oct 17 12:19:10 UTC 2025","4238","","Create Test UI Tests","","tests.managetests.CreateTestUiTests","openTestsPage","Open Tests Page",""
"passed","Fri Oct 17 12:09:13 UTC 2025","Fri Oct 17 12:09:23 UTC 2025","10290","","Search candidates functionality","","tests.candidates.CandidatesSearchTests","checkCandidatesSearchByDifferentFields","Check candidates search by different fields Check candidates search by name",""
"failed","Fri Oct 17 12:19:29 UTC 2025","Fri Oct 17 12:19:46 UTC 2025","17071","","Generate Questions UI Tests","","tests.managetests.GenerateQuestionsUiTests","generateQuestions_success","Generate Questions: positive scenario → questions are generated and appear in the list",""
"passed","Fri Oct 17 12:09:23 UTC 2025","Fri Oct 17 12:09:33 UTC 2025","9787","","Search candidates functionality","","tests.candidates.CandidatesSearchTests","checkCandidatesSearchByDifferentFields","Check candidates search by different fields Check candidates search by position",""
"passed","Fri Oct 17 12:16:24 UTC 2025","Fri Oct 17 12:16:27 UTC 2025","2970","","Auth/Registration UI — Positive & Negative / Позитив и негатив","","tests.authandregistration.RegistrationTests","shouldRejectInvalidEmail_SS_T26","SS-T26 | [NEG] Registration — Incorrect e-mail; confirmation not started / Некорректный e-mail — подтверждение не стартует [17] кириллица в local-part (EAI)",""
"passed","Fri Oct 17 12:16:30 UTC 2025","Fri Oct 17 12:16:33 UTC 2025","3002","","Auth/Registration UI — Positive & Negative / Позитив и негатив","","tests.authandregistration.RegistrationTests","shouldRejectInvalidEmail_SS_T26","SS-T26 | [NEG] Registration — Incorrect e-mail; confirmation not started / Некорректный e-mail — подтверждение не стартует [19] полностью не-ASCII адрес (EAI)",""
"passed","Fri Oct 17 12:04:55 UTC 2025","Fri Oct 17 12:04:56 UTC 2025","847","","Create tests via API","","tests.managetests.CreateTestApiTests","updateTestTimeLimit","Edit test: change time limit",""
"passed","Fri Oct 17 12:03:56 UTC 2025","Fri Oct 17 12:03:57 UTC 2025","494","","Check POST /candidates/import requests","","tests.candidates.ImportCandidatesTests","importCandidatesWithAbsentRow","Check candidates import when row has no values",""
"passed","Fri Oct 17 12:18:10 UTC 2025","Fri Oct 17 12:18:16 UTC 2025","5836","","Edit Test UI Tests","","tests.managetests.EditTestUiTests","editTestTimeLimit_success","Edit test time limit: value is updated and success message is shown",""
"passed","Fri Oct 17 12:19:10 UTC 2025","Fri Oct 17 12:19:15 UTC 2025","5035","","Create Test UI Tests","","tests.managetests.CreateTestUiTests","createNewTest","Create Test with only name: positive scenario → test is created successfully",""
"passed","Fri Oct 17 12:17:58 UTC 2025","Fri Oct 17 12:18:04 UTC 2025","5803","","Edit Test UI Tests","","tests.managetests.EditTestUiTests","editActiveState_cancelChanges","Edit active state: cancel button discards changes",""
"passed","Fri Oct 17 12:04:49 UTC 2025","Fri Oct 17 12:04:50 UTC 2025","397","","Auth/Registration API Tests","","tests.registration.RegistrationApiTests","ssT27_invalid_fullname_409","[SS-T27][NEG] Auth/Registration — Короткое имя фамилия → 409",""
"passed","Fri Oct 17 12:03:52 UTC 2025","Fri Oct 17 12:03:53 UTC 2025","426","","Проверка запросов POST /candidates","","tests.candidates.CreateNewCandidateTests","createNewCandidate","Check creating a new candidate",""
"passed","Fri Oct 17 12:15:17 UTC 2025","Fri Oct 17 12:15:20 UTC 2025","3031","","Auth/Registration UI — Positive & Negative / Позитив и негатив","","tests.authandregistration.RegistrationTests","shouldRejectInvalidPasswords_SS_T29","SS-T29 | [NEG] Registration — Invalid password; registration not started / Невалидный пароль — регистрация не стартует [2] нет цифры",""
"passed","Fri Oct 17 12:15:40 UTC 2025","Fri Oct 17 12:15:42 UTC 2025","2936","","Auth/Registration UI — Positive & Negative / Позитив и негатив","","tests.authandregistration.RegistrationTests","shouldRejectInvalidEmail_SS_T26","SS-T26 | [NEG] Registration — Incorrect e-mail; confirmation not started / Некорректный e-mail — подтверждение не стартует [1] нет @",""
"passed","Fri Oct 17 12:04:09 UTC 2025","Fri Oct 17 12:04:11 UTC 2025","2135","","Update user role (Settings(API)","","tests.users.UpdateUserRoleTests","updateRole_returns200","Users: update role",""
"passed","Fri Oct 17 12:07:48 UTC 2025","Fri Oct 17 12:07:56 UTC 2025","8216","","Добавление нового кандидата","","tests.candidates.AddCandidateTests","addNewCandidateValidationErrors","Проверка валидационных сообщений об ошибке на модалке ʼДобавить кандидатаʼ [1] MISSING_NAME",""
"passed","Fri Oct 17 12:03:54 UTC 2025","Fri Oct 17 12:03:55 UTC 2025","566","","Check POST /candidates/import requests","","tests.candidates.ImportCandidatesTests","importCandidatesWithDuplicatedEmails","Check candidates import with duplicated emails",""
"passed","Fri Oct 17 12:04:50 UTC 2025","Fri Oct 17 12:04:50 UTC 2025","397","","Auth/Registration API Tests","","tests.registration.RegistrationApiTests","ssT29_invalid_password_400","[SS-T29][NEG] Auth/Registration — Невалидный пароль → 400",""
"passed","Fri Oct 17 12:04:59 UTC 2025","Fri Oct 17 12:04:59 UTC 2025","389","","Dashboard Access API Tests","","tests.dashboard.DashboardAccessTests","ssT66_stats_unauthorized_401","[SS-T66][NEG] Dashboard/Stats — Доступ без авторизации → 401",""
"passed","Fri Oct 17 12:18:29 UTC 2025","Fri Oct 17 12:18:35 UTC 2025","6305","","Edit Test UI Tests","","tests.managetests.EditTestUiTests","editTestTimeLimit_negativeValue_validationError","Edit test time limit: validation error when negative value entered",""
"passed","Fri Oct 17 12:16:21 UTC 2025","Fri Oct 17 12:16:24 UTC 2025","3037","","Auth/Registration UI — Positive & Negative / Позитив и негатив","","tests.authandregistration.RegistrationTests","shouldRejectInvalidEmail_SS_T26","SS-T26 | [NEG] Registration — Incorrect e-mail; confirmation not started / Некорректный e-mail — подтверждение не стартует [16] недопустимый символ '/' в домене",""
"passed","Fri Oct 17 12:14:30 UTC 2025","Fri Oct 17 12:14:33 UTC 2025","3013","","Auth/Registration UI — Positive & Negative / Позитив и негатив","","tests.authandregistration.RegistrationTests","shouldRejectInvalidFullName_SS_T27","SS-T27 | [NEG] Registration — Invalid full name; no confirmation / Невалидное «Имя Фамилия» — подтверждение не стартует [5] trim→1 слева",""
"passed","Fri Oct 17 12:19:52 UTC 2025","Fri Oct 17 12:19:57 UTC 2025","5102","","Dashboard UI tests","","tests.dashboard.DashboardUiTests","recentActivity_list_isVisible_andHasItems","should display the list of recent activities",""
"passed","Fri Oct 17 12:16:33 UTC 2025","Fri Oct 17 12:16:36 UTC 2025","2982","","Auth/Registration UI — Positive & Negative / Позитив и негатив","","tests.authandregistration.RegistrationTests","shouldRejectInvalidEmail_SS_T26","SS-T26 | [NEG] Registration — Incorrect e-mail; confirmation not started / Некорректный e-mail — подтверждение не стартует [20] нет метки домена перед TLD",""
"passed","Fri Oct 17 12:03:53 UTC 2025","Fri Oct 17 12:03:54 UTC 2025","1035","","Проверка запросов POST /candidates","","tests.candidates.CreateNewCandidateTests","createNewCandidateWithoutData","Check error response when creating a new candidate without data",""
"passed","Fri Oct 17 12:15:20 UTC 2025","Fri Oct 17 12:15:23 UTC 2025","3077","","Auth/Registration UI — Positive & Negative / Позитив и негатив","","tests.authandregistration.RegistrationTests","shouldRejectInvalidPasswords_SS_T29","SS-T29 | [NEG] Registration — Invalid password; registration not started / Невалидный пароль — регистрация не стартует [3] нет буквы",""
